angle(degree),adf
0.1,0.0
0.2,0.0
0.30000000000000004,0.0
0.4,0.0
0.5,0.0
0.6000000000000001,0.0
0.7000000000000001,0.0
0.8,0.0
0.9,0.0
1.0,0.0
1.1,0.0
1.2000000000000002,0.0
1.3,0.0
1.4000000000000001,0.0
1.5,0.0
1.6,0.0
1.7000000000000002,0.0
1.8,0.0
1.9000000000000001,0.0
2.0,0.0
2.1,0.0
2.2,0.0
2.3000000000000003,0.0
2.4000000000000004,0.0
2.5,0.0
2.6,0.0
2.7,0.0
2.8000000000000003,0.0
2.9000000000000004,0.0
3.0,0.0
3.1,0.0
3.2,0.0
3.3000000000000003,0.0
3.4000000000000004,0.0
3.5,0.0
3.6,0.0
3.7,0.0
3.8000000000000003,0.0
3.9000000000000004,0.0
4.0,0.0
4.1000000000000005,0.0
4.2,0.0
4.3,0.0
4.4,0.0
4.5,0.0
4.6000000000000005,0.0
4.7,0.0
4.800000000000001,0.0
4.9,0.0
5.0,0.0
5.1000000000000005,0.0
5.2,0.0
5.300000000000001,0.0
5.4,0.0
5.5,0.0
5.6000000000000005,0.0
5.7,0.0
5.800000000000001,0.0
5.9,0.0
6.0,0.0
6.1000000000000005,0.0
6.2,0.0
6.300000000000001,0.0
6.4,0.0
6.5,0.0
6.6000000000000005,0.0
6.7,0.0
6.800000000000001,0.0
6.9,0.0
7.0,0.0
7.1000000000000005,0.0
7.2,0.0
7.300000000000001,0.0
7.4,0.0
7.5,0.0
7.6000000000000005,0.0
7.7,0.0
7.800000000000001,0.0
7.9,0.0
8.0,0.0
8.1,0.0
8.200000000000001,0.0
8.3,0.0
8.4,0.0
8.5,0.0
8.6,0.0
8.700000000000001,0.0
8.8,0.0
8.9,0.0
9.0,0.0
9.1,0.0
9.200000000000001,0.0
9.3,0.0
9.4,0.0
9.5,0.0
9.600000000000001,0.0
9.700000000000001,0.0
9.8,0.0
9.9,0.0
10.0,0.0
10.100000000000001,0.0
10.200000000000001,0.0
10.3,0.0
10.4,0.0
10.5,0.0
10.600000000000001,0.0
10.700000000000001,0.0
10.8,0.0
10.9,0.0
11.0,0.0
11.100000000000001,0.0
11.200000000000001,0.0
11.3,0.0
11.4,0.0
11.5,0.0
11.600000000000001,0.0
11.700000000000001,0.0
11.8,0.0
11.9,0.0
12.0,0.0
12.100000000000001,0.0
12.200000000000001,0.0
12.3,0.0
12.4,0.0
12.5,0.0
12.600000000000001,0.0
12.700000000000001,0.0
12.8,0.0
12.9,0.0
13.0,0.0
13.100000000000001,0.0
13.200000000000001,0.0
13.3,0.0
13.4,0.0
13.5,0.0
13.600000000000001,0.0
13.700000000000001,0.0
13.8,0.0
13.9,0.0
14.0,0.0
14.100000000000001,0.0
14.200000000000001,0.0
14.3,0.0
14.4,0.0
14.5,0.0
14.600000000000001,0.0
14.700000000000001,0.0
14.8,0.0
14.9,0.0
15.0,0.0
15.100000000000001,0.0
15.200000000000001,0.0
15.3,0.0
15.4,0.0
15.5,0.0
15.600000000000001,0.0
15.700000000000001,0.0
15.8,0.0
15.9,0.0
16.0,0.0
16.1,0.0
16.2,0.0
16.3,0.0
16.400000000000002,0.0
16.5,0.0
16.6,0.0
16.7,0.0
16.8,0.0
16.900000000000002,0.0
17.0,0.0
17.1,0.0
17.2,0.0
17.3,0.0
17.400000000000002,0.0
17.5,0.0
17.6,0.0
17.7,0.0
17.8,0.0
17.900000000000002,0.0
18.0,0.0
18.1,0.0
18.2,0.0
18.3,0.0
18.400000000000002,0.0
18.5,0.0
18.6,0.0
18.7,0.0
18.8,0.0
18.900000000000002,0.0
19.0,0.0
19.1,0.0
19.200000000000003,0.0
19.3,0.0
19.400000000000002,0.0
19.5,0.0
19.6,0.0
19.700000000000003,0.0
19.8,0.0
19.900000000000002,0.0
20.0,0.0
20.1,0.0
20.200000000000003,0.0
20.3,0.0
20.400000000000002,0.0
20.5,0.0
20.6,0.0
20.700000000000003,0.0
20.8,0.0
20.900000000000002,0.0
21.0,0.0
21.1,0.0
21.200000000000003,0.0
21.3,0.0
21.400000000000002,0.0
21.5,0.0
21.6,0.0
21.700000000000003,0.0
21.8,0.0
21.900000000000002,0.0
22.0,0.0
22.1,0.0
22.200000000000003,0.0
22.3,0.0
22.400000000000002,0.0
22.5,0.0
22.6,0.0
22.700000000000003,0.0
22.8,0.0
22.900000000000002,0.0
23.0,0.0
23.1,0.0
23.200000000000003,0.0
23.3,0.0
23.400000000000002,0.0
23.5,0.0
23.6,0.0
23.700000000000003,0.0
23.8,0.0
23.900000000000002,0.0
24.0,0.0
24.1,0.0
24.200000000000003,0.0
24.3,0.0
24.400000000000002,0.0
24.5,0.0
24.6,0.0
24.700000000000003,0.0
24.8,0.0
24.900000000000002,0.0
25.0,0.0
25.1,0.0
25.200000000000003,0.0
25.3,0.0
25.400000000000002,0.0
25.5,0.0
25.6,0.0
25.700000000000003,0.0
25.8,0.0
25.900000000000002,0.0
26.0,0.0
26.1,0.0
26.200000000000003,0.0
26.3,0.0
26.400000000000002,0.0
26.5,0.0
26.6,0.0
26.700000000000003,0.0
26.8,0.0
26.900000000000002,0.0
27.0,0.0
27.1,0.0
27.200000000000003,0.0
27.3,0.0
27.400000000000002,0.0
27.5,0.0
27.6,0.0
27.700000000000003,0.0
27.8,0.0
27.900000000000002,0.0
28.0,0.0
28.1,0.0
28.200000000000003,0.0
28.3,0.0
28.400000000000002,0.0
28.5,0.0
28.6,0.0
28.700000000000003,0.0
28.8,0.0
28.900000000000002,0.0
29.0,0.0
29.1,0.0
29.200000000000003,0.0
29.3,0.0
29.400000000000002,0.0
29.5,0.0
29.6,0.0
29.700000000000003,0.0
29.8,0.0
29.900000000000002,0.0
30.0,0.0
30.1,0.0
30.200000000000003,0.0
30.3,0.0
30.400000000000002,0.0
30.5,0.0
30.6,0.0
30.700000000000003,0.0
30.8,0.0
30.900000000000002,0.0
31.0,0.0
31.1,0.0
31.200000000000003,0.0
31.3,0.0
31.400000000000002,0.0
31.5,0.0
31.6,0.0
31.700000000000003,0.0
31.8,0.0
31.900000000000002,0.0
32.0,0.0
32.1,0.0
32.2,0.0
32.300000000000004,0.0
32.4,0.0
32.5,0.0
32.6,0.0
32.7,0.0
32.800000000000004,0.0
32.9,0.0
33.0,0.0
33.1,0.0
33.2,0.0
33.300000000000004,0.0
33.4,0.0
33.5,0.0
33.6,0.0
33.7,0.0
33.800000000000004,0.0
33.9,0.0
34.0,0.0
34.1,0.0
34.2,0.0
34.300000000000004,0.0
34.4,0.0
34.5,0.0
34.6,0.0
34.7,0.0
34.800000000000004,0.0
34.9,0.0
35.0,0.0
35.1,0.0
35.2,0.0
35.300000000000004,0.0
35.4,0.0
35.5,0.0
35.6,0.0
35.7,0.0
35.800000000000004,0.0
35.9,0.0
36.0,0.0
36.1,0.0
36.2,0.0
36.300000000000004,0.0
36.4,0.0
36.5,0.0
36.6,0.0
36.7,0.0
36.800000000000004,0.0
36.9,0.0
37.0,0.0
37.1,0.0
37.2,0.0
37.300000000000004,0.0
37.4,0.0
37.5,0.0
37.6,0.0
37.7,0.0
37.800000000000004,0.0
37.9,0.0
38.0,0.0
38.1,0.0
38.2,0.0
38.300000000000004,0.0
38.400000000000006,0.0
38.5,0.0
38.6,0.0
38.7,0.0
38.800000000000004,0.0
38.900000000000006,0.0
39.0,0.0
39.1,0.0
39.2,0.0
39.300000000000004,0.0
39.400000000000006,0.0
39.5,0.0
39.6,0.0
39.7,0.0
39.800000000000004,0.0
39.900000000000006,0.0
40.0,0.0
40.1,0.0
40.2,0.0
40.300000000000004,0.0
40.400000000000006,0.0
40.5,0.0
40.6,0.0
40.7,0.0
40.800000000000004,0.0
40.900000000000006,0.0
41.0,0.0
41.1,0.0
41.2,0.0
41.300000000000004,0.0
41.400000000000006,0.0
41.5,0.0
41.6,0.0
41.7,0.0
41.800000000000004,0.0
41.900000000000006,0.0
42.0,0.0
42.1,0.0
42.2,0.0
42.300000000000004,0.0
42.400000000000006,0.0
42.5,0.0
42.6,0.0
42.7,0.0
42.800000000000004,0.0
42.900000000000006,0.0
43.0,0.0
43.1,0.0
43.2,0.0
43.300000000000004,0.0
43.400000000000006,0.0
43.5,0.0
43.6,0.0
43.7,0.0
43.800000000000004,0.0
43.900000000000006,0.0
44.0,0.0
44.1,0.0
44.2,0.0
44.300000000000004,0.0
44.400000000000006,0.0
44.5,0.0
44.6,0.0
44.7,0.0
44.800000000000004,0.0
44.900000000000006,0.0
45.0,0.0
45.1,0.0
45.2,0.0
45.300000000000004,0.0
45.400000000000006,0.0
45.5,0.0
45.6,0.0
45.7,0.0
45.800000000000004,0.0
45.900000000000006,0.0
46.0,0.0
46.1,0.0
46.2,0.0
46.300000000000004,0.0
46.400000000000006,0.0
46.5,0.0
46.6,0.0
46.7,0.0
46.800000000000004,0.0
46.900000000000006,0.0
47.0,0.0
47.1,0.0
47.2,0.0
47.300000000000004,0.0
47.400000000000006,0.0
47.5,0.0
47.6,0.0
47.7,0.0
47.800000000000004,0.0
47.900000000000006,0.0
48.0,0.0
48.1,0.0
48.2,0.0
48.300000000000004,0.0
48.400000000000006,0.0
48.5,0.0
48.6,0.0
48.7,0.0
48.800000000000004,0.0
48.900000000000006,0.0
49.0,0.0
49.1,0.0
49.2,0.0
49.300000000000004,0.0
49.400000000000006,0.0
49.5,0.0
49.6,0.0
49.7,0.0
49.800000000000004,0.0
49.900000000000006,0.0
50.0,0.0
50.1,0.0
50.2,0.0
50.300000000000004,0.0
50.400000000000006,0.0
50.5,0.0
50.6,0.0
50.7,0.0
50.800000000000004,0.0
50.900000000000006,0.0
51.0,0.0
51.1,0.0
51.2,0.0
51.300000000000004,0.0
51.400000000000006,0.0
51.5,0.0
51.6,0.0
51.7,0.0
51.800000000000004,0.0
51.900000000000006,0.0
52.0,0.0
52.1,0.0
52.2,0.0
52.300000000000004,0.0
52.400000000000006,0.0
52.5,0.0
52.6,0.0
52.7,0.0
52.800000000000004,0.0
52.900000000000006,0.0
53.0,0.0
53.1,0.0
53.2,0.0
53.300000000000004,0.0
53.400000000000006,0.0
53.5,0.0
53.6,0.0
53.7,0.0
53.800000000000004,0.0
53.900000000000006,0.0
54.0,0.0
54.1,0.0
54.2,0.0
54.300000000000004,0.0
54.400000000000006,0.0
54.5,0.0
54.6,0.0
54.7,0.0
54.800000000000004,0.0
54.900000000000006,0.0
55.0,0.0
55.1,0.0
55.2,0.0
55.300000000000004,0.0
55.400000000000006,0.0
55.5,0.0
55.6,0.0
55.7,0.0
55.800000000000004,0.0
55.900000000000006,0.0
56.0,0.0
56.1,0.0
56.2,0.0
56.300000000000004,0.0
56.400000000000006,0.0
56.5,0.0
56.6,0.0
56.7,0.0
56.800000000000004,0.0
56.900000000000006,0.0
57.0,0.0
57.1,0.0
57.2,0.0
57.300000000000004,0.0
57.400000000000006,0.0
57.5,0.0
57.6,0.0
57.7,0.0
57.800000000000004,0.0
57.900000000000006,0.0
58.0,0.0
58.1,0.0
58.2,0.0
58.300000000000004,2.6785044659597797e-06
58.400000000000006,4.464174109932966e-06
58.5,3.571339287946373e-06
58.6,4.464174109932966e-06
58.7,8.928348219865931e-06
58.800000000000004,8.928348219865931e-06
58.900000000000006,8.03551339787934e-06
59.0,1.2499687507812304e-05
59.1,1.5178191973772083e-05
59.2,2.499937501562461e-05
59.300000000000004,2.0535200905691642e-05
59.400000000000006,1.696386161774527e-05
59.5,1.1606852685825712e-05
59.6,1.3392522329798898e-05
59.7,8.928348219865931e-06
59.800000000000004,1.2499687507812304e-05
59.900000000000006,2.3213705371651425e-05
60.0,1.2499687507812304e-05
60.1,2.232087054966483e-05
60.2,2.8570714303570983e-05
60.300000000000004,2.499937501562461e-05
60.400000000000006,2.232087054966483e-05
60.5,3.3034888413503946e-05
60.6,3.660622770145032e-05
60.7,4.464174109932966e-05
60.800000000000004,3.8391897345423505e-05
60.900000000000006,3.124921876953076e-05
61.0,4.0177566989396695e-05
61.1,5.624859378515537e-05
61.2,8.660497773269954e-05
61.300000000000004,9.28548214866057e-05
61.400000000000006,6.874828129296768e-05
61.5,8.481930808872635e-05
61.6,8.124796880077999e-05
61.7,8.124796880077999e-05
61.800000000000004,0.00010178316970647162
61.900000000000006,0.00012499687507812305
62.0,0.00012231837061216328
62.1,0.00012053270096819009
62.2,0.0001437464063398415
62.300000000000004,0.00016428160724553314
62.400000000000006,0.00015624609384765382
62.5,0.00014731774562778786
62.6,0.00015981743313560017
62.7,0.00017856696439731863
62.800000000000004,0.00023481555818247402
62.900000000000006,0.00021606602692075556
63.0,0.00020356633941294325
63.1,0.00021963736620870194
63.2,0.00025177941980021926
63.300000000000004,0.0002455295760463131
63.400000000000006,0.00023213705371651422
63.5,0.00026785044659597795
63.6,0.0002741002903498841
63.7,0.000311599352873321
63.800000000000004,0.00032856321449106627
63.900000000000006,0.00032409904038113333
64.0,0.00035266975468470433
64.10000000000001,0.00033570589306695903
64.2,0.0003660622770145032
64.3,0.00036159810290457026
64.4,0.00040534700918191333
64.5,0.00045266725474720274
64.60000000000001,0.0004830236386947469
64.7,0.0005535575896316878
64.8,0.0005830211387572454
64.9,0.0005526647548097012
65.0,0.0006553407593381594
65.10000000000001,0.0006589120986261058
65.2,0.0006071276789508834
65.3,0.0006044491744849235
65.4,0.0006749831254218645
65.5,0.0007026610049034489
65.60000000000001,0.0007231962058091405
65.7,0.0006848043084637169
65.8,0.0007892659826361484
65.9,0.0008071226790758802
66.0,0.0009464049113057888
66.10000000000001,0.0009892609827611453
66.2,0.0009178341970022178
66.3,0.0009847968086512122
66.4,0.0010330098890384883
66.5,0.00101426035777677
66.60000000000001,0.001106222344441389
66.7,0.0010678304470959654
66.8,0.001191934487352102
66.9,0.0011687207819804505
67.0,0.0012410404025613646
67.10000000000001,0.001268718282042949
67.2,0.0014303213848225224
67.3,0.0014410354026863615
67.4,0.0014053220098068978
67.5,0.0014213930366026564
67.60000000000001,0.0015133550232672756
67.7,0.0015490684161467393
67.8,0.0017597774341355753
67.9,0.0018240615413186098
68.0,0.0019231662065591218
68.10000000000001,0.0020204852021556605
68.2,0.0020204852021556605
68.3,0.0020945904923805477
68.4,0.002077626630762802
68.5,0.00215173192098769
68.60000000000001,0.002099054666490481
68.7,0.002212444688882778
68.8,0.002236551229076416
68.9,0.002442796072955319
69.0,0.0024544029256411445
69.10000000000001,0.0023981543318559893
69.2,0.0025740427917873483
69.3,0.0024901163185206084
69.4,0.0025811854703632407
69.5,0.0026445767427242892
69.60000000000001,0.002743681407964801
69.7,0.002882070805372723
69.8,0.002826715046409554
69.9,0.002909748684854307
70.0,0.002989210984011114
70.10000000000001,0.0031963486627120037
70.2,0.003147242747502741
70.3,0.003151706921612674
70.4,0.0031436714082147947
70.5,0.003065994778701961
70.60000000000001,0.003026710046534551
70.7,0.0031990271671779634
70.8,0.0033195598681461536
70.9,0.003351701921737671
71.0,0.003498126832543472
71.10000000000001,0.003614195359401729
71.2,0.0036597299353230456
71.3,0.0035150906941612175
71.4,0.0035436614084647885
71.5,0.0035499112522186945
71.60000000000001,0.003612409689757756
71.7,0.003541875738820815
71.8,0.003649908752281193
71.9,0.0036204452031556355
72.0,0.003719549868396147
72.10000000000001,0.0038525822568721496
72.2,0.003963293774798487
72.3,0.0038195473684586455
72.4,0.0037999050023749406
72.5,0.0038266900470345384
72.60000000000001,0.003829368551500498
72.7,0.0037329423907259463
72.8,0.003693657658558536
72.9,0.0037347280603699192
73.0,0.003912402189945251
73.10000000000001,0.00392311620780909
73.2,0.003910616520301278
73.3,0.0038981168327934658
73.4,0.004073112457902838
73.5,0.004269536118739889
73.60000000000001,0.004183823975829176
73.7,0.0041766812972532825
73.8,0.004167752949033417
73.9,0.004403461342037877
74.0,0.004133825225797926
74.10000000000001,0.004266857614273929
74.2,0.004114182859714222
74.3,0.004068648283792905
74.4,0.004044541743599267
74.5,0.0041070401811383285
74.60000000000001,0.00417221712314335
74.7,0.004242751074080291
74.8,0.004136503730263886
74.9,0.003924901877453064
75.0,0.003954365426578621
75.10000000000001,0.00392579471227505
75.2,0.004121325538290114
75.3,0.0040418632391333075
75.4,0.0042293585517504916
75.5,0.003963293774798487
75.60000000000001,0.003877581631887774
75.7,0.0038659747792019485
75.8,0.0037534775916316376
75.9,0.0038168688639926857
76.0,0.003840975404186324
76.10000000000001,0.0037106215201762813
76.2,0.0036445517433492734
76.3,0.0036793723014067505
76.4,0.0037757984621813027
76.5,0.0035874103147421313
76.60000000000001,0.003706157346066348
76.7,0.003583838975454185
76.80000000000001,0.0034070576807008397
76.9,0.003340095069051845
77.0,0.0033427735735178047
77.10000000000001,0.0033106315199262874
77.2,0.0034177716985646788
77.30000000000001,0.0033749156271093224
77.4,0.003340095069051845
77.5,0.003305274510994368
77.60000000000001,0.0033222383726121134
77.7,0.003235633394879414
77.80000000000001,0.0032517044216751724
77.9,0.0032124196895077623
78.0,0.0031151006939112236
78.10000000000001,0.0031088508501573176
78.2,0.003035638394754417
78.30000000000001,0.003180277635916245
78.4,0.0030784944662097732
78.5,0.002790108818708104
78.60000000000001,0.002868678283042924
78.7,0.002906177345566361
78.80000000000001,0.0030258172117125642
78.9,0.0028410004035613395
79.0,0.0026963611623995114
79.10000000000001,0.0027383243990328813
79.2,0.002681182970425739
79.30000000000001,0.002657969265054088
79.4,0.002657076430232101
79.5,0.002657969265054088
79.60000000000001,0.002681182970425739
79.7,0.0027418957383208275
79.80000000000001,0.0024615456042170374
79.9,0.002361548104154539
80.0,0.0023999400014999626
80.10000000000001,0.0024445817425992923
80.2,0.002368690782730432
80.30000000000001,0.002324049041631102
80.4,0.002385654644348177
80.5,0.0022874428139296517
80.60000000000001,0.00234815558182474
80.7,0.0022865499791076653
80.80000000000001,0.0021472677468777567
80.9,0.002116018528108226
81.0,0.0020865549789826684
81.10000000000001,0.002004414175359902
81.2,0.0021061973450663732
81.30000000000001,0.002001735670893942
81.4,0.001966022278014478
81.5,0.0018687032824179395
81.60000000000001,0.0017392422332298835
81.7,0.0017722771216433875
81.80000000000001,0.0018428110725803284
81.9,0.0018356683940044356
82.0,0.0018660247779519797
82.10000000000001,0.0018320970547164891
82.2,0.0017919194877270925
82.30000000000001,0.0018124546886327843
82.4,0.0016910291528426074
82.5,0.0016856721439106879
82.60000000000001,0.0015829961393822296
82.7,0.0015606752688325648
82.80000000000001,0.0015267475455970744
82.9,0.0014401425678643748
83.0,0.0014571064294821201
83.10000000000001,0.001472284621455892
83.2,0.0014142503580267635
83.30000000000001,0.001323181206184131
83.4,0.001314252857964265
83.5,0.0013472877463777692
83.60000000000001,0.001314252857964265
83.7,0.0013276453802940642
83.80000000000001,0.0012910391525926138
83.9,0.0012571114293571232
84.0,0.001240147567739378
84.10000000000001,0.001288360648126654
84.2,0.0013535375901316752
84.30000000000001,0.0012892534829486405
84.4,0.0012151481927237533
84.5,0.001259789933823083
84.60000000000001,0.0011865774784201825
84.7,0.0011481855810747588
84.80000000000001,0.0011089008489073488
84.9,0.0011115793533733086
85.0,0.001058009264054113
85.10000000000001,0.0009446192416618156
85.2,0.0010044391747349173
85.30000000000001,0.0009258697104000971
85.4,0.0010205102015306761
85.5,0.0009731899559653866
85.60000000000001,0.0010205102015306761
85.7,0.0009946179916930648
85.80000000000001,0.0009205127014681776
85.9,0.0008865849782326871
86.0,0.0008205152014056791
86.10000000000001,0.0009097986836043385
86.2,0.0009205127014681776
86.30000000000001,0.0008446217415993172
86.4,0.0008062298442538937
86.5,0.0008642641076830222
86.60000000000001,0.0008535500898191831
86.7,0.000823193705871639
86.80000000000001,0.0008178366969397193
86.9,0.0008410504023113708
87.0,0.0008615856032170625
87.10000000000001,0.0008374790630234244
87.2,0.0006785544647098108
87.30000000000001,0.0006544479245161728
87.4,0.0007035538397254354
87.5,0.0006749831254218645
87.60000000000001,0.0006169488619927358
87.7,0.0006365912280764409
87.80000000000001,0.0005803426342912856
87.9,0.0006071276789508834
88.0,0.0005651644423175135
88.10000000000001,0.0005383793976579157
88.2,0.0005401650673018889
88.30000000000001,0.000493737656558586
88.4,0.0005107015181763313
88.5,0.0004874878128046799
88.60000000000001,0.0004464174109932966
88.7,0.0004428460717053502
88.80000000000001,0.0004723096208309078
88.9,0.00043748906277343066
89.0,0.00048570214316070667
89.10000000000001,0.00047766662976282735
89.2,0.0004196323663336988
89.30000000000001,0.00043748906277343066
89.4,0.0004339177234854843
89.5,0.0003785619645223155
89.60000000000001,0.0004071326788258865
89.7,0.0003955258261400608
89.80000000000001,0.00033213455377901265
89.9,0.0003535625895066909
90.0,0.0003696336163024496
90.10000000000001,0.0003008853350094819
90.2,0.00029642116089954895
90.30000000000001,0.00036874078148046297
90.4,0.0003303488841350395
90.5,0.00031963486627120034
90.60000000000001,0.00029195698678961596
90.7,0.0002535650894441925
90.80000000000001,0.0002455295760463131
90.9,0.0003062423439414015
91.0,0.00025267225462220587
91.10000000000001,0.00026963611623995117
91.2,0.00025981493319809863
91.30000000000001,0.0002491009153342595
91.4,0.00020356633941294325
91.5,0.00018838814743917117
91.60000000000001,0.0002098161831668494
91.7,0.00019820933048102368
91.80000000000001,0.00019910216530301029
91.9,0.0002357083930044606
92.0,0.0002089233483448628
92.10000000000001,0.00020356633941294325
92.2,0.00022945854925055445
92.30000000000001,0.00021606602692075556
92.4,0.00019820933048102368
92.5,0.00021249468763280918
92.60000000000001,0.00020535200905691644
92.7,0.00019017381708314436
92.80000000000001,0.00018928098226115775
92.9,0.00018838814743917117
93.0,0.00021070901798883598
93.10000000000001,0.00020088783494698348
93.2,0.00019195948672711752
93.30000000000001,0.00021517319209876895
93.4,0.00019374515637109071
93.5,0.0001839239733292382
93.60000000000001,0.00017499562510937225
93.7,0.00017499562510937225
93.80000000000001,0.00014999625009374766
93.9,0.00014821058044977447
94.0,0.00015624609384765382
94.10000000000001,0.00015803176349162698
94.2,0.00013838939740792194
94.30000000000001,9.731899559653866e-05
94.4,0.00012321120543414986
94.5,0.00010089033488448503
94.60000000000001,9.374765630859228e-05
94.7,0.00011071151792633755
94.80000000000001,0.00011606852685825711
94.9,0.00011963986614620349
95.0,0.00012053270096819009
95.10000000000001,0.00012231837061216328
95.2,0.00013838939740792194
95.30000000000001,0.00012321120543414986
95.4,0.00013749656258593536
95.5,0.00012856821436606943
95.60000000000001,0.00014017506705189513
95.7,0.00016160310277957336
95.80000000000001,0.00013838939740792194
95.9,0.00012678254472209624
96.0,0.00012321120543414986
96.10000000000001,0.0001312467188320292
96.2,0.00013838939740792194
96.30000000000001,0.0001330323884760024
96.4,0.00014821058044977447
96.5,0.0001455320759838147
96.60000000000001,0.00013571089294196217
96.7,0.00017856696439731863
96.80000000000001,0.00015178191973772085
96.9,0.00012678254472209624
97.0,0.00015088908491573425
97.10000000000001,0.00015267475455970744
97.2,0.00017678129475334544
97.30000000000001,0.00013838939740792194
97.4,0.0001330323884760024
97.5,0.00015267475455970744
97.60000000000001,0.00016606727688950633
97.7,0.0001428535715178549
97.80000000000001,0.00016428160724553314
97.9,0.00016696011171149293
98.0,0.0001330323884760024
98.10000000000001,0.0001437464063398415
98.2,0.00014731774562778786
98.30000000000001,0.0001446392411618281
98.4,0.00016874578135546613
98.5,0.00019463799119307732
98.60000000000001,0.0001812454688632784
98.7,0.00015088908491573425
98.80000000000001,0.00018660247779519798
98.9,0.00017856696439731863
99.0,0.00018660247779519798
99.10000000000001,0.00017588845993135886
99.2,0.00020267350459095667
99.30000000000001,0.0001973164956590371
99.4,0.0002080305135228762
99.5,0.00022053020103068852
99.60000000000001,0.00023124421889452764
99.7,0.0002785644644598171
99.80000000000001,0.0002357083930044606
99.9,0.00017588845993135886
100.0,0.0001973164956590371
100.10000000000001,0.0001714242858214259
100.2,0.0001839239733292382
100.30000000000001,0.00018035263404129182
100.4,0.00021249468763280918
100.5,0.00021249468763280918
100.60000000000001,0.00018749531261718456
100.7,0.00020267350459095667
100.80000000000001,0.00021785169656472875
100.9,0.0001812454688632784
101.0,0.0002758859599938573
101.10000000000001,0.0002732074555278975
101.2,0.0002455295760463131
101.30000000000001,0.0002473152456902863
101.4,0.00023838689747042037
101.5,0.0002857071430357098
101.60000000000001,0.0002732074555278975
101.7,0.0002937426564335892
101.80000000000001,0.00026963611623995117
101.9,0.0002937426564335892
102.0,0.0003187420314492138
102.10000000000001,0.00028302863856975003
102.2,0.00029642116089954895
102.30000000000001,0.0003035638394754417
102.4,0.00028035013410379026
102.5,0.00026427910730803157
102.60000000000001,0.0002580292635541254
102.7,0.00028124296892577687
102.80000000000001,0.0002857071430357098
102.9,0.0002821358037477635
103.0,0.0002624934376640584
103.10000000000001,0.00025535075908816564
103.2,0.00031963486627120034
103.30000000000001,0.00032499187520311994
103.4,0.0003589195984386105
103.5,0.00033749156271093225
103.60000000000001,0.00034731274575278473
103.7,0.0003785619645223155
103.80000000000001,0.0003624909377265568
103.9,0.0003517769198627177
104.0,0.00038749031274218143
104.10000000000001,0.0004348105583074709
104.2,0.00038749031274218143
104.30000000000001,0.00042677504490959157
104.4,0.00041248968775780604
104.5,0.00038749031274218143
104.60000000000001,0.00037409779041238257
104.7,0.00042677504490959157
104.80000000000001,0.00044909591545925636
104.9,0.0004633812726110419
105.0,0.0004330248886634977
105.10000000000001,0.0004732024556528944
105.2,0.0004749881252968676
105.30000000000001,0.0004553457592131625
105.4,0.00046516694225501505
105.5,0.00052677254497209
105.60000000000001,0.0005089158485323581
105.7,0.0004687382815429614
105.80000000000001,0.0004437389065273368
105.9,0.00044106040206137704
106.0,0.00045177441992521613
106.10000000000001,0.0004705239511869346
106.2,0.0003910616520301278
106.30000000000001,0.0004303463841975379
106.4,0.0004580242636791223
106.5,0.000507130178888385
106.60000000000001,0.00047945229940680057
106.7,0.0004999875003124922
106.80000000000001,0.0004892734824486531
106.9,0.00044909591545925636
107.0,0.000498201830668519
107.10000000000001,0.000579449799469299
107.2,0.000517844196752224
107.30000000000001,0.000555343259275661
107.4,0.0005785569646473124
107.5,0.0005714142860714196
107.60000000000001,0.0005249868753281168
107.7,0.0005482005806997682
107.80000000000001,0.0005678429467834733
107.9,0.0005615931030295671
108.0,0.0005544504244536744
108.10000000000001,0.0005214155360401704
108.2,0.0005196298663961973
108.30000000000001,0.0004928448217365994
108.4,0.000546414911055795
108.5,0.0005249868753281168
108.60000000000001,0.0005455220762338084
108.7,0.0004910591520926262
108.80000000000001,0.0004714167860089212
108.9,0.0005133800226422911
109.0,0.0005365937280139425
109.10000000000001,0.0005214155360401704
109.2,0.000579449799469299
109.30000000000001,0.0005999850003749907
109.4,0.0006026635048409504
109.5,0.0005723071208934063
109.60000000000001,0.0006356983932544544
109.7,0.0005803426342912856
109.80000000000001,0.0005580217637416207
109.9,0.0006392697325424007
110.0,0.0005723071208934063
110.10000000000001,0.000570521451249433
110.2,0.0005624859378515537
110.30000000000001,0.0005615931030295671
110.4,0.0005731999557153928
110.5,0.0006240915405686286
110.60000000000001,0.000612484687882803
110.7,0.0006312342191445214
110.80000000000001,0.000612484687882803
110.9,0.0006008778351969772
111.0,0.0006696261164899448
111.10000000000001,0.0006678404468459717
111.2,0.0005892709825111515
111.30000000000001,0.0005830211387572454
111.4,0.0005767712950033392
111.5,0.000651769420050213
111.60000000000001,0.0006544479245161728
111.7,0.0006669476120239851
111.80000000000001,0.0006223058709246555
111.9,0.0005821283039352588
112.0,0.0005839139735792319
112.10000000000001,0.0005946279914430711
112.2,0.0006544479245161728
112.30000000000001,0.0006874828129296768
112.4,0.0006589120986261058
112.5,0.0006133775227047895
112.60000000000001,0.0006169488619927358
112.7,0.0006383768977204141
112.80000000000001,0.0006874828129296768
112.9,0.0007231962058091405
113.0,0.0006830186388197438
113.10000000000001,0.0006401625673643874
113.2,0.0006455195762963069
113.30000000000001,0.0006133775227047895
113.4,0.0005633787726735403
113.5,0.0005785569646473124
113.60000000000001,0.0005187370315742106
113.7,0.0005651644423175135
113.80000000000001,0.0005339152235479827
113.9,0.0005321295539040096
114.0,0.0005964136610870442
114.10000000000001,0.0006356983932544544
114.2,0.0006526622548721997
114.30000000000001,0.0005973064959090309
114.4,0.0005830211387572454
114.5,0.0005874853128671783
114.60000000000001,0.0005499862503437414
114.7,0.0006071276789508834
114.80000000000001,0.0006731974557778913
114.9,0.0005651644423175135
115.0,0.0005633787726735403
115.10000000000001,0.0005526647548097012
115.2,0.0005142728574642777
115.30000000000001,0.0005482005806997682
115.4,0.0005490934155217548
115.5,0.0006071276789508834
115.60000000000001,0.000570521451249433
115.7,0.0005455220762338084
115.80000000000001,0.0005428435717678487
115.9,0.0005865924780451917
116.0,0.0006490909155842532
116.10000000000001,0.0006490909155842532
116.2,0.0006348055584324678
116.30000000000001,0.00060802051377287
116.4,0.0006240915405686286
116.5,0.000546414911055795
116.60000000000001,0.0005767712950033392
116.7,0.0005499862503437414
116.80000000000001,0.000564271607495527
116.9,0.0005107015181763313
117.0,0.0005285582146160631
117.10000000000001,0.00052677254497209
117.2,0.0005999850003749907
117.30000000000001,0.0006151631923487627
117.4,0.0006223058709246555
117.5,0.0006205202012806823
117.60000000000001,0.0005785569646473124
117.7,0.00060802051377287
117.80000000000001,0.0006312342191445214
117.9,0.0005740927905373794
118.0,0.0006580192638041192
118.10000000000001,0.0006151631923487627
118.2,0.0006705189513119315
118.30000000000001,0.000564271607495527
118.4,0.0005874853128671783
118.5,0.0005678429467834733
118.60000000000001,0.0005517719199877146
118.7,0.0005044516744224252
118.80000000000001,0.0005401650673018889
118.9,0.000550879085165728
119.0,0.0005089158485323581
119.10000000000001,0.0005928423217990979
119.2,0.0006240915405686286
119.30000000000001,0.0005901638173331381
119.4,0.0005526647548097012
119.5,0.0005499862503437414
119.60000000000001,0.0005839139735792319
119.7,0.0006669476120239851
119.80000000000001,0.0006160560271707493
119.9,0.000623198705746642
120.0,0.0005767712950033392
120.10000000000001,0.0006017706700189638
120.2,0.0005589145985636073
120.30000000000001,0.000522308370862157
120.4,0.0005419507369458621
120.5,0.0005098086833543447
120.60000000000001,0.0004883806476266664
120.7,0.0005214155360401704
120.80000000000001,0.00042588221008760496
120.9,0.00042498937526561835
121.0,0.00040534700918191333
121.10000000000001,0.00039641866096204735
121.2,0.0004151681922237658
121.30000000000001,0.0005089158485323581
121.4,0.0004678454467209748
121.5,0.00043838189759541727
121.60000000000001,0.00040534700918191333
121.7,0.0004080255136478731
121.80000000000001,0.00041695386186773903
121.9,0.0004598099333230955
122.0,0.0004276678797315781
122.10000000000001,0.0004437389065273368
122.2,0.00039731149578403396
122.30000000000001,0.00037409779041238257
122.4,0.00038927598238615465
122.5,0.00038838314756416804
122.60000000000001,0.0004026685047159535
122.7,0.00038659747792019487
122.80000000000001,0.0004330248886634977
122.9,0.0004303463841975379
123.0,0.00041427535740177926
123.10000000000001,0.0004205252011556854
123.2,0.0004071326788258865
123.30000000000001,0.00035981243326059704
123.4,0.00035713392879463727
123.5,0.0003464199109307982
123.60000000000001,0.00036159810290457026
123.7,0.0003669551118364898
123.80000000000001,0.0003464199109307982
123.9,0.0003133850225172942
124.0,0.0003232062055591467
124.10000000000001,0.00034909841539675795
124.2,0.0003151706921612674
124.30000000000001,0.0003419557368208652
124.4,0.0003678479466584764
124.5,0.00032052770109318695
124.60000000000001,0.00028035013410379026
124.7,0.000258922098376112
124.80000000000001,0.00027142178588392433
124.9,0.0002785644644598171
125.0,0.00025713642873213886
125.10000000000001,0.0002508865849782327
125.2,0.00023302988853850083
125.30000000000001,0.00024285107158035334
125.4,0.00023124421889452764
125.5,0.0003178491966272272
125.60000000000001,0.00029195698678961596
125.7,0.0003053495091194149
125.80000000000001,0.00026963611623995117
125.9,0.00028392147339173664
126.0,0.0002080305135228762
126.10000000000001,0.00026874328141796456
126.2,0.00026427910730803157
126.30000000000001,0.0002758859599938573
126.4,0.00026427910730803157
126.5,0.0002214230358526751
126.60000000000001,0.0002098161831668494
126.7,0.00019999500012499687
126.80000000000001,0.0002241015403186349
126.9,0.00022053020103068852
127.0,0.00021428035727678237
127.10000000000001,0.0002491009153342595
127.2,0.0002241015403186349
127.30000000000001,0.00022678004478459467
127.4,0.00021785169656472875
127.5,0.00018749531261718456
127.60000000000001,0.00019910216530301029
127.7,0.0002339227233604874
127.80000000000001,0.00025177941980021926
127.9,0.0002464224108682997
128.0,0.00021517319209876895
128.1,0.0002491009153342595
128.20000000000002,0.00021606602692075556
128.3,0.00023213705371651422
128.4,0.0003437414064648384
128.5,0.0002892784823236562
128.6,0.0003026710046534551
128.70000000000002,0.00025713642873213886
128.8,0.00023302988853850083
128.9,0.00019910216530301029
129.0,0.00018660247779519798
129.1,0.00024106540193638017
129.20000000000002,0.00024195823675836675
129.3,0.00026785044659597795
129.4,0.00025445792426617903
129.5,0.00025177941980021926
129.6,0.0002374940626484338
129.70000000000002,0.00025535075908816564
129.8,0.00024195823675836675
129.9,0.00019820933048102368
130.0,0.0002080305135228762
130.1,0.00019999500012499687
130.20000000000002,0.00023213705371651422
130.3,0.0002491009153342595
130.4,0.0002651719421300182
130.5,0.00029642116089954895
130.6,0.0002937426564335892
130.70000000000002,0.000311599352873321
130.8,0.0002464224108682997
130.9,0.00023124421889452764
131.0,0.0002741002903498841
131.1,0.0002937426564335892
131.20000000000002,0.0003348130582449724
131.3,0.00038927598238615465
131.4,0.00039999000024999373
131.5,0.0003383843975329188
131.6,0.00033570589306695903
131.70000000000002,0.000311599352873321
131.8,0.0003258847100251065
131.9,0.00037320495559039596
132.0,0.00034463424128682496
132.1,0.0003937401564960876
132.20000000000002,0.00042409654044363174
132.3,0.0004732024556528944
132.4,0.0005196298663961973
132.5,0.0004964161610245459
132.6,0.0005187370315742106
132.70000000000002,0.0004901663172706397
132.8,0.0005401650673018889
132.9,0.0004901663172706397
133.0,0.0005544504244536744
133.1,0.0005723071208934063
133.20000000000002,0.0005196298663961973
133.3,0.0005964136610870442
133.4,0.000612484687882803
133.5,0.0006356983932544544
133.6,0.0006812329691757706
133.70000000000002,0.0007169463620552343
133.8,0.0007865874781701886
133.9,0.0007517669201127115
134.0,0.0008249793755156121
134.1,0.0008847993085887139
134.20000000000002,0.0007508740852907249
134.3,0.0008508715853532234
134.4,0.0008874778130546736
134.5,0.0008892634826986468
134.6,0.0008955133264525529
134.70000000000002,0.0008535500898191831
134.8,0.0008356933933794512
134.9,0.0009365837282639363
135.0,0.0010285457149285554
135.1,0.0011151506926612548
135.20000000000002,0.0009999750006249844
135.3,0.0009651544425675072
135.4,0.0010374740631484212
135.5,0.0010499737506562336
135.6,0.0010606877685200727
135.70000000000002,0.0010124746881327966
135.8,0.0011428285721428392
135.9,0.0011847918087762091
136.0,0.0011419357373208528
136.1,0.0011955058266400482
136.20000000000002,0.0012044341748599142
136.3,0.001141042902498866
136.4,0.001158899598938598
136.5,0.001208898348969847
136.6,0.0012437189070273243
136.70000000000002,0.0011481855810747588
136.8,0.0012803251347287747
136.9,0.0013392522329798897
137.0,0.0013294310499380373
137.1,0.0014017506705189513
137.20000000000002,0.0014008578356969647
137.3,0.0013660372776394876
137.4,0.0015213905366651549
137.5,0.0015454970768587928
137.6,0.001575853460806337
137.70000000000002,0.0015160335277332353
137.8,0.0015419257375708464
137.9,0.001524961875953101
138.0,0.0015079980143353558
138.1,0.0017204927019681651
138.20000000000002,0.00166156560371705
138.3,0.00170085033588446
138.4,0.0017294210501880311
138.5,0.0016740652912248623
138.6,0.0018142403582767574
138.70000000000002,0.0018687032824179395
138.8,0.0018713817868838993
138.9,0.0018553107600881406
139.0,0.001916023527983229
139.1,0.0018660247779519797
139.20000000000002,0.001935665894066934
139.3,0.0019258447110250816
139.4,0.00190263100565343
139.5,0.0019785219655222906
139.6,0.0020070926798258617
139.70000000000002,0.002081197970050749
139.8,0.002093697657558561
139.9,0.0019883431485641432
140.0,0.002056198595035124
140.1,0.0020642341084330033
140.20000000000002,0.00202584221108758
140.3,0.0021008403361344537
140.4,0.0021151256932862394
140.5,0.0021151256932862394
140.6,0.002225837211212577
140.70000000000002,0.0023115493541232897
140.8,0.002288335648751638
140.9,0.002288335648751638
141.0,0.0024311892202694934
141.1,0.0023070851800133566
141.20000000000002,0.002207980514772845
141.3,0.0022436939076523085
141.4,0.002249943751406215
141.5,0.002253515090694161
141.6,0.0022285157156785368
141.70000000000002,0.002332977389850968
141.8,0.0022419082380083356
141.9,0.0022927998228615713
142.0,0.0022624434389140274
142.1,0.00210976868435432
142.20000000000002,0.0021570889299196093
142.3,0.0022874428139296517
142.4,0.00226958611748992
142.5,0.002179409800469274
142.6,0.00226958611748992
142.70000000000002,0.0022133375237047646
142.8,0.002242801072830322
142.9,0.002210659019238805
143.0,0.0020883406486266413
143.1,0.00210976868435432
143.20000000000002,0.002173159956715368
143.3,0.002172267121893381
143.4,0.0021954808272650326
143.5,0.00230619234519137
143.6,0.0022615506040920405
143.70000000000002,0.0021803026352912604
143.8,0.002324049041631102
143.9,0.0021151256932862394
144.0,0.002197266496909006
144.1,0.0021151256932862394
144.20000000000002,0.002144589242411797
144.3,0.002056198595035124
144.4,0.002039234733417379
144.5,0.00210709017988836
144.6,0.0021249468763280916
144.70000000000002,0.0019740577914123575
144.8,0.0018838814743917117
144.9,0.001972272121768384
145.0,0.0018981668315434972
145.1,0.0018606677690200602
145.20000000000002,0.0018267400457845696
145.3,0.0018356683940044356
145.4,0.0017606702689575617
145.5,0.0018187045323866903
145.6,0.0017044216751724065
145.70000000000002,0.0016972789965965136
145.8,0.0017062073448163796
145.9,0.0015169263625552218
146.0,0.0015946029920680554
146.1,0.0015910316527801092
146.20000000000002,0.0015392472331048866
146.3,0.0014454995767962944
146.4,0.0013767512955033267
146.5,0.0013946079919430585
146.6,0.0015196048670211815
146.70000000000002,0.0016338877242354655
146.8,0.0014187145321366966
146.9,0.0013285382151160506
147.0,0.0013338952240479702
147.1,0.0013472877463777692
147.20000000000002,0.0013222883713621446
147.3,0.0013187170320741982
147.4,0.0013312167195820104
147.5,0.0011749706257343567
147.6,0.0011910416525301153
147.70000000000002,0.0011562210944726383
147.8,0.0012321120543414986
147.9,0.0011026510051534426
148.0,0.0010508665854782203
148.1,0.0009312267193320166
148.20000000000002,0.0009499762505937352
148.3,0.0009508690854157217
148.4,0.000858014263929116
148.5,0.0008722996210809015
148.6,0.0008830136389447406
148.70000000000002,0.0007919444871021082
148.8,0.0008294435496255451
148.9,0.0008026585049659472
149.0,0.0008321220540915048
149.1,0.0007642666076205238
149.20000000000002,0.0007464099111807919
149.3,0.0008330148889134914
149.4,0.0007321245540290064
149.5,0.000680340134353784
149.6,0.0006223058709246555
149.70000000000002,0.0006267700450345884
149.8,0.0006464124111182935
149.9,0.0006008778351969772
150.0,0.0005776641298253258
150.1,0.0005240940405061303
150.20000000000002,0.0005008803351344788
150.3,0.0005383793976579157
150.4,0.0005276653797940766
150.5,0.00046427410743302844
150.6,0.0005053445092444117
150.70000000000002,0.0005258797101501034
150.8,0.0005187370315742106
150.9,0.0005089158485323581
151.0,0.00048123796905077373
151.1,0.00042141803597767197
151.20000000000002,0.0003910616520301278
151.3,0.0004044541743599267
151.4,0.0003794547993443021
151.5,0.0003062423439414015
151.6,0.00033302738860099926
151.70000000000002,0.0003232062055591467
151.8,0.0003624909377265568
151.9,0.0003803476341662887
152.0,0.0003348130582449724
152.1,0.00030802801358537465
152.20000000000002,0.0002883856475016696
152.3,0.00025267225462220587
152.4,0.00021070901798883598
152.5,0.00021606602692075556
152.6,0.00019017381708314436
152.70000000000002,0.00020624484387890302
152.8,0.0002089233483448628
152.9,0.00021338752245479578
153.0,0.00023213705371651422
153.1,0.00020624484387890302
153.20000000000002,0.00020178066976897006
153.3,0.00016517444206751974
153.4,0.00017588845993135886
153.5,0.00019463799119307732
153.60000000000002,0.0001848168081512248
153.70000000000002,0.00013571089294196217
153.8,0.0001553532590256672
153.9,0.00016517444206751974
154.0,0.00011249718757031074
154.10000000000002,0.00011428285721428393
154.20000000000002,9.821183041852526e-05
154.3,0.00012678254472209624
154.4,0.00010981868310435097
154.5,9.821183041852526e-05
154.60000000000002,0.00010803301346037778
154.70000000000002,0.00010089033488448503
154.8,9.821183041852526e-05
154.9,0.00010089033488448503
155.0,0.00010624734381640459
155.10000000000002,0.00011428285721428393
155.20000000000002,0.00011606852685825711
155.3,0.0001178541965022303
155.4,0.00010089033488448503
155.5,8.035513397879339e-05
155.60000000000002,0.00010356883935044482
155.70000000000002,8.749781255468613e-05
155.8,6.606977682700789e-05
155.9,6.785544647098108e-05
156.0,6.51769420050213e-05
156.10000000000002,4.821308038727603e-05
156.20000000000002,4.999875003124922e-05
156.3,5.2677254497208996e-05
156.4,4.642741074330285e-05
156.5,4.2856071455356475e-05
156.60000000000002,4.2856071455356475e-05
156.70000000000002,5.089158485323581e-05
156.8,5.8034263429128555e-05
156.9,2.7677879481584388e-05
157.0,2.6785044659597796e-05
157.10000000000002,2.5892209837611204e-05
157.20000000000002,3.124921876953076e-05
157.3,3.392772323549054e-05
157.4,3.124921876953076e-05
157.5,2.8570714303570983e-05
157.60000000000002,3.0356383947544167e-05
157.70000000000002,2.4106540193638016e-05
157.8,2.1428035727678237e-05
157.9,1.964236608370505e-05
158.0,2.499937501562461e-05
158.10000000000002,2.232087054966483e-05
158.20000000000002,3.124921876953076e-05
158.3,2.5892209837611204e-05
158.4,1.7856696439731863e-05
158.5,1.7856696439731863e-05
158.60000000000002,1.5178191973772083e-05
158.70000000000002,2.4106540193638016e-05
158.8,1.8749531261718458e-05
158.9,1.964236608370505e-05
159.0,2.232087054966483e-05
159.10000000000002,2.232087054966483e-05
159.20000000000002,2.5892209837611204e-05
159.3,1.2499687507812304e-05
159.4,1.4285357151785492e-05
159.5,1.5178191973772083e-05
159.60000000000002,1.607102679575868e-05
159.70000000000002,2.3213705371651425e-05
159.8,1.5178191973772083e-05
159.9,1.5178191973772083e-05
160.0,8.928348219865931e-06
160.10000000000002,1.2499687507812304e-05
160.20000000000002,1.964236608370505e-05
160.3,1.3392522329798898e-05
160.4,6.249843753906152e-06
160.5,8.928348219865932e-07
160.60000000000002,1.7856696439731864e-06
160.70000000000002,1.7856696439731864e-06
160.8,1.7856696439731864e-06
160.9,1.7856696439731864e-06
161.0,1.7856696439731864e-06
161.10000000000002,2.6785044659597797e-06
161.20000000000002,2.6785044659597797e-06
161.3,5.357008931919559e-06
161.4,3.571339287946373e-06
161.5,6.249843753906152e-06
161.60000000000002,2.6785044659597797e-06
161.70000000000002,0.0
161.8,0.0
161.9,0.0
162.0,0.0
162.10000000000002,0.0
162.20000000000002,0.0
162.3,0.0
162.4,0.0
162.5,0.0
162.60000000000002,0.0
162.70000000000002,0.0
162.8,0.0
162.9,0.0
163.0,0.0
163.10000000000002,0.0
163.20000000000002,0.0
163.3,0.0
163.4,0.0
163.5,0.0
163.60000000000002,0.0
163.70000000000002,0.0
163.8,0.0
163.9,0.0
164.0,0.0
164.10000000000002,0.0
164.20000000000002,0.0
164.3,0.0
164.4,0.0
164.5,0.0
164.60000000000002,0.0
164.70000000000002,0.0
164.8,0.0
164.9,0.0
165.0,0.0
165.10000000000002,0.0
165.20000000000002,0.0
165.3,0.0
165.4,0.0
165.5,0.0
165.60000000000002,0.0
165.70000000000002,0.0
165.8,0.0
165.9,0.0
166.0,0.0
166.10000000000002,0.0
166.20000000000002,0.0
166.3,0.0
166.4,0.0
166.5,0.0
166.60000000000002,0.0
166.70000000000002,0.0
166.8,0.0
166.9,0.0
167.0,0.0
167.10000000000002,0.0
167.20000000000002,0.0
167.3,0.0
167.4,0.0
167.5,0.0
167.60000000000002,0.0
167.70000000000002,0.0
167.8,0.0
167.9,0.0
168.0,0.0
168.10000000000002,0.0
168.20000000000002,0.0
168.3,0.0
168.4,0.0
168.5,0.0
168.60000000000002,0.0
168.70000000000002,0.0
168.8,0.0
168.9,0.0
169.0,0.0
169.10000000000002,0.0
169.20000000000002,0.0
169.3,0.0
169.4,0.0
169.5,0.0
169.60000000000002,0.0
169.70000000000002,0.0
169.8,0.0
169.9,0.0
170.0,0.0
170.10000000000002,0.0
170.20000000000002,0.0
170.3,0.0
170.4,0.0
170.5,0.0
170.60000000000002,0.0
170.70000000000002,0.0
170.8,0.0
170.9,0.0
171.0,0.0
171.10000000000002,0.0
171.20000000000002,0.0
171.3,0.0
171.4,0.0
171.5,0.0
171.60000000000002,0.0
171.70000000000002,0.0
171.8,0.0
171.9,0.0
172.0,0.0
172.10000000000002,0.0
172.20000000000002,0.0
172.3,0.0
172.4,0.0
172.5,0.0
172.60000000000002,0.0
172.70000000000002,0.0
172.8,0.0
172.9,0.0
173.0,0.0
173.10000000000002,0.0
173.20000000000002,0.0
173.3,0.0
173.4,0.0
173.5,0.0
173.60000000000002,0.0
173.70000000000002,0.0
173.8,0.0
173.9,0.0
174.0,0.0
174.10000000000002,0.0
174.20000000000002,0.0
174.3,0.0
174.4,0.0
174.5,0.0
174.60000000000002,0.0
174.70000000000002,0.0
174.8,0.0
174.9,0.0
175.0,0.0
175.10000000000002,0.0
175.20000000000002,0.0
175.3,0.0
175.4,0.0
175.5,0.0
175.60000000000002,0.0
175.70000000000002,0.0
175.8,0.0
175.9,0.0
176.0,0.0
176.10000000000002,0.0
176.20000000000002,0.0
176.3,0.0
176.4,0.0
176.5,0.0
176.60000000000002,0.0
176.70000000000002,0.0
176.8,0.0
176.9,0.0
177.0,0.0
177.10000000000002,0.0
177.20000000000002,0.0
177.3,0.0
177.4,0.0
177.5,0.0
177.60000000000002,0.0
177.70000000000002,0.0
177.8,0.0
177.9,0.0
178.0,0.0
178.10000000000002,0.0
178.20000000000002,0.0
178.3,0.0
178.4,0.0
178.5,0.0
178.60000000000002,0.0
178.70000000000002,0.0
178.8,0.0
178.9,0.0
179.0,0.0
179.10000000000002,0.0
179.20000000000002,0.0
179.3,0.0
179.4,0.0
179.5,0.0
179.60000000000002,0.0
179.70000000000002,0.0
179.8,0.0
179.9,0.0
